{
  "norm_stats": {
    "state": {
      "mean": [
        0.0,
        0.0,
        0.0,
        0.0,
        0.0,
        0.0,
        0.0,
        0.0
      ],
      "std": [
        0.0,
        0.0,
        0.0,
        0.0,
        0.0,
        0.0,
        0.0,
        0.0
      ],
      "q01": [
        0.0,
        0.0,
        0.0,
        0.0,
        0.0,
        0.0,
        0.0,
        0.0
      ],
      "q99": [
        0.0,
        0.0,
        0.0,
        0.0,
        0.0,
        0.0,
        0.0,
        0.0
      ]
    },
    "actions": {
      "mean": [
        -0.002503936178982258,
        -0.14860740303993225,
        1.2912909984588623,
        -0.04594573751091957,
        -0.08101838082075119,
        0.04463769122958183,
        0.06455676257610321,
        0.043001726269721985,
        -0.07323133945465088,
        0.0004988223081454635,
        -0.06966801732778549,
        1.2410051822662354,
        -0.03758116066455841,
        -0.16962090134620667,
        -0.13813941180706024,
        0.11765368282794952,
        0.10071977972984314,
        -0.10052692145109177
      ],
      "std": [
        0.1960223913192749,
        0.1575315147638321,
        0.11529694497585297,
        0.5269408822059631,
        0.78187096118927,
        0.43182700872421265,
        0.3466242551803589,
        0.7279464602470398,
        0.5024291276931763,
        0.16985546052455902,
        0.12139352411031723,
        0.13436919450759888,
        0.5724883079528809,
        0.6767869591712952,
        0.39108219742774963,
        0.43235236406326294,
        0.6990512609481812,
        0.5498286485671997
      ],
      "q01": [
        -0.35388281859755516,
        -0.3659872887372971,
        1.086641488313675,
        -0.9999992251396179,
        -0.9999986886978149,
        -0.5205975096702575,
        -0.4244052764773369,
        -0.9067434002876282,
        -0.9053305493593216,
        -0.3286766293644905,
        -0.24307220520973205,
        0.8334852524280548,
        -0.9999983906745911,
        -0.9999994039535522,
        -0.9060217940807342,
        -0.4254264561653137,
        -0.9065881291389465,
        -0.9069160336256027
      ],
      "q99": [
        0.3977470340251923,
        0.23790261632204057,
        1.566263110256195,
        0.9983653384685516,
        0.9991994047164918,
        0.9058431366920472,
        0.9060397098362445,
        0.9167265349388121,
        0.904184725701809,
        0.3546815671026706,
        0.21916689305305487,
        1.4768463092327118,
        0.9991992856740952,
        0.9995971396684646,
        0.4236911270022392,
        0.9065099497795106,
        0.9768808409690857,
        0.9047345203161241
      ]
    }
  }
}