{
  "norm_stats": {
    "state": {
      "mean": [
        -0.04652611166238785,
        0.034395575523376465,
        0.7645326256752014,
        2.972200632095337,
        -0.22040514647960663,
        -0.12562009692192078,
        0.026915626600384712,
        -0.02719222754240036
      ],
      "std": [
        0.10494592040777206,
        0.15176665782928467,
        0.37852945923805237,
        0.3442988693714142,
        0.9069637656211853,
        0.3253786265850067,
        0.014175431802868843,
        0.014058168977499008
      ],
      "q01": [
        -0.3992278680294752,
        -0.2688781352341175,
        0.0380015922319144,
        1.5083277968406676,
        -2.721004430627823,
        -1.0813218128442763,
        0.00173520012809895,
        -0.04004424215038307
      ],
      "q99": [
        0.13532010269463068,
        0.33566314613819126,
        1.2698724751349537,
        3.2765059180259706,
        2.405436800289154,
        0.5971528978824616,
        0.04030334069116507,
        -0.0017878379381960213
      ]
    },
    "actions": {
      "mean": [
        0.1016840860247612,
        0.05330900847911835,
        -0.8518890142440796,
        -2.9714856147766113,
        0.22587653994560242,
        0.12008216977119446,
        -0.04559307545423508
      ],
      "std": [
        0.37091097235679626,
        0.4055326581001282,
        0.623034656047821,
        0.34967485070228577,
        0.9093461036682129,
        0.3448874354362488,
        0.9989600777626038
      ],
      "q01": [
        -0.7252786514759064,
        -0.8656502751588822,
        -2.0691195198059082,
        -3.300527513551712,
        -2.4160990215301514,
        -0.615780798316002,
        -1.0
      ],
      "q99": [
        1.0788932250976564,
        0.9657619624614715,
        0.7914944759368896,
        -1.4849500728130343,
        2.727608536529541,
        1.1362301075458525,
        0.9996
      ]
    }
  }
}