{
  "norm_stats": {
    "state": {
      "mean": [
        0.0,
        0.0,
        0.0,
        0.0,
        0.0,
        0.0,
        0.0,
        0.0
      ],
      "std": [
        0.0,
        0.0,
        0.0,
        0.0,
        0.0,
        0.0,
        0.0,
        0.0
      ],
      "q01": [
        0.0,
        0.0,
        0.0,
        0.0,
        0.0,
        0.0,
        0.0,
        0.0
      ],
      "q99": [
        0.0,
        0.0,
        0.0,
        0.0,
        0.0,
        0.0,
        0.0,
        0.0
      ]
    },
    "actions": {
      "mean": [
        0.28369027376174927,
        -0.3242458999156952,
        0.9725513458251953,
        0.0010959419887512922,
        -0.03857278823852539,
        -0.0007070190622471273,
        -0.9789283871650696,
        0.9999990463256836,
        -0.0006682759267278016,
        0.2576860189437866,
        0.09975360333919525,
        0.9253354072570801,
        -0.038137130439281464,
        -0.9789501428604126,
        -0.9789507985115051,
        0.03813628852367401,
        -0.0005671551334671676,
        0.0013374128611758351
      ],
      "std": [
        0.07298610359430313,
        0.04598957672715187,
        0.0003452669770922512,
        0.00030943407909944654,
        0.1996881663799286,
        0.00018714765610639006,
        0.01832030899822712,
        0.0003452669770922512,
        0.00025445103528909385,
        0.12370563298463821,
        0.048573534935712814,
        0.00048828125,
        0.19966676831245422,
        0.01826002076268196,
        0.018263285979628563,
        0.19966699182987213,
        0.0005723352078348398,
        0.00032062362879514694
      ],
      "q01": [
        0.16560426354408264,
        -0.4147739931255579,
        0.9722115243196487,
        -0.000970992783550173,
        -0.3475239847779274,
        -0.0012224336539802608,
        -0.9999994039535522,
        0.9999985098838806,
        -0.0012224356178194284,
        0.02085750550031662,
        -0.011429065284878016,
        0.9247780412435531,
        -0.34675668618679045,
        -0.9999984502792358,
        -0.9999992847442627,
        -0.2587393750548363,
        -0.0022758482955396175,
        0.0007998603063868358
      ],
      "q99": [
        0.44205747195482253,
        -0.22662727534770966,
        0.9729232788085938,
        0.0015402062481618484,
        0.26158708333969116,
        -0.00037910681567154825,
        -0.9368066191673279,
        0.9999996423721313,
        -0.00012266429498558867,
        0.48126107454299927,
        0.19735360145568848,
        0.9257068634033203,
        0.26228275895118713,
        -0.9371839761734009,
        -0.9371843338012695,
        0.3488345146179199,
        0.0008236231030314231,
        0.002096085576340556
      ]
    }
  }
}