{
  "norm_stats": {
    "state": {
      "mean": [
        0.0,
        0.0,
        0.0,
        0.0,
        0.0,
        0.0,
        0.0,
        0.0
      ],
      "std": [
        0.0,
        0.0,
        0.0,
        0.0,
        0.0,
        0.0,
        0.0,
        0.0
      ],
      "q01": [
        0.0,
        0.0,
        0.0,
        0.0,
        0.0,
        0.0,
        0.0,
        0.0
      ],
      "q99": [
        0.0,
        0.0,
        0.0,
        0.0,
        0.0,
        0.0,
        0.0,
        0.0
      ]
    },
    "actions": {
      "mean": [
        0.32424619793891907,
        -0.09989345073699951,
        1.223122477531433,
        0.0007064295932650566,
        0.9789283871650696,
        0.90584397315979,
        0.015696464106440544,
        -0.4236108064651489,
        0.03524111211299896,
        -0.09975333511829376,
        -0.131695955991745,
        1.266644835472107,
        0.9789507389068604,
        -0.038136422634124756,
        0.015603961423039436,
        0.414933979511261,
        0.034803565591573715,
        0.8866651058197021
      ],
      "std": [
        0.04598933085799217,
        0.030964531004428864,
        0.0660940557718277,
        0.00018717756029218435,
        0.01832030899822712,
        0.0,
        0.0845525935292244,
        0.00027295752079226077,
        0.18090397119522095,
        0.048573508858680725,
        0.052495185285806656,
        0.1120145246386528,
        0.01826491765677929,
        0.19966699182987213,
        0.08465804159641266,
        0.007721369620412588,
        0.18083183467388153,
        0.016549421474337578
      ],
      "q01": [
        0.24214399695396424,
        -0.16715258359909058,
        1.079686164855957,
        0.00037836647243238986,
        0.9376660410404205,
        0.9056693997859955,
        -0.110051958411932,
        -0.423984508562088,
        -0.2336439851552248,
        -0.1973533183336258,
        -0.2266167551279068,
        1.064219355583191,
        0.9379506173253059,
        -0.3467568907499313,
        -0.11019731964617968,
        0.3975385151267052,
        -0.23410011362433433,
        0.8495345026373863
      ],
      "q99": [
        0.4177170395851135,
        -0.04991946430578828,
        1.3300517645120622,
        0.001288329716771841,
        0.9999994039535522,
        0.9067171812057495,
        0.14746825397014618,
        -0.421737402677536,
        0.31724831461906433,
        0.020903611839935166,
        -0.03131118225157262,
        1.4810443572759628,
        0.9999992847442627,
        0.2622837424278259,
        0.1475958228111267,
        0.42423778772354126,
        0.31607139110565186,
        0.9058289527893066
      ]
    }
  }
}