{
  "norm_stats": {
    "state": {
      "mean": [
        0.0,
        0.0,
        0.0,
        0.0,
        0.0,
        0.0,
        0.0,
        0.0
      ],
      "std": [
        0.0,
        0.0,
        0.0,
        0.0,
        0.0,
        0.0,
        0.0,
        0.0
      ],
      "q01": [
        0.0,
        0.0,
        0.0,
        0.0,
        0.0,
        0.0,
        0.0,
        0.0
      ],
      "q99": [
        0.0,
        0.0,
        0.0,
        0.0,
        0.0,
        0.0,
        0.0,
        0.0
      ]
    },
    "actions": {
      "mean": [
        0.16894158720970154,
        -0.1825709342956543,
        1.2747108936309814,
        0.024506444111466408,
        0.4471138119697571,
        0.49932414293289185,
        0.017313100397586823,
        -0.16408224403858185,
        0.042602602392435074,
        -0.045938290655612946,
        -0.13521112501621246,
        1.2800347805023193,
        0.46909642219543457,
        -0.033311132341623306,
        0.013719737529754639,
        0.19915339350700378,
        0.03035660833120346,
        0.424723744392395
      ],
      "std": [
        0.20579344034194946,
        0.09676392376422882,
        0.10768898576498032,
        0.5053247809410095,
        0.7228143215179443,
        0.4678342044353485,
        0.22132353484630585,
        0.4989286959171295,
        0.47595158219337463,
        0.12476850301027298,
        0.051516782492399216,
        0.11056740581989288,
        0.7109449505805969,
        0.5228699445724487,
        0.2210644781589508,
        0.3010222911834717,
        0.4738423824310303,
        0.644073486328125
      ],
      "q01": [
        -0.29049099309444426,
        -0.36236880587413905,
        1.0894090442180633,
        -0.9978639246225357,
        -0.9994147859334945,
        -0.41643708634376525,
        -0.4242213610172272,
        -0.8945980410575867,
        -0.9032440581083298,
        -0.24673439922332763,
        -0.2428647045850754,
        1.0704900681972505,
        -0.9999983906745911,
        -0.999996542930603,
        -0.4238721909284592,
        -0.42431850180625913,
        -0.9057239890098572,
        -0.9056586623191833
      ],
      "q99": [
        0.4175729777395726,
        -0.050153988465666766,
        1.5536288725852967,
        0.9989005875825883,
        0.9995994411230089,
        0.9064509529829026,
        0.4232646921098233,
        0.9049684396743773,
        0.9494691259026526,
        0.29836356220245364,
        -0.03165574211478234,
        1.5046921259164812,
        0.9995992852091788,
        0.9986943104743959,
        0.4252310455560684,
        0.42838657371997835,
        0.9103769634604453,
        0.9054666552662849
      ]
    }
  }
}