{
  "norm_stats": {
    "state": {
      "mean": [
        0.0,
        0.0,
        0.0,
        0.0,
        0.0,
        0.0,
        0.0,
        0.0
      ],
      "std": [
        0.0,
        0.0,
        0.0,
        0.0,
        0.0,
        0.0,
        0.0,
        0.0
      ],
      "q01": [
        0.0,
        0.0,
        0.0,
        0.0,
        0.0,
        0.0,
        0.0,
        0.0
      ],
      "q99": [
        0.0,
        0.0,
        0.0,
        0.0,
        0.0,
        0.0,
        0.0,
        0.0
      ]
    },
    "actions": {
      "mean": [
        0.06250125169754028,
        -0.19914452731609344,
        1.2921522855758667,
        0.022994142025709152,
        0.28611937165260315,
        0.33797067403793335,
        0.014683668501675129,
        -0.09857450425624847,
        0.03429623320698738,
        0.04867374151945114,
        -0.1320037990808487,
        1.2776679992675781,
        0.41623419523239136,
        -0.1762092411518097,
        0.03654396906495094,
        0.39364075660705566,
        0.3019666075706482,
        0.3116546869277954
      ],
      "std": [
        0.2335282564163208,
        0.08791467547416687,
        0.1113613173365593,
        0.5877812504768372,
        0.7467701435089111,
        0.47568240761756897,
        0.2528284788131714,
        0.5511529445648193,
        0.543282687664032,
        0.1791517585515976,
        0.04383297264575958,
        0.09356289356946945,
        0.6026790738105774,
        0.49669262766838074,
        0.19087712466716766,
        0.39501941204071045,
        0.5784235000610352,
        0.560468316078186
      ],
      "q01": [
        -0.31202108365297315,
        -0.36011152047663925,
        1.0946517732858658,
        -0.9987992501735687,
        -0.9998147487640381,
        -0.42335902013778687,
        -0.4238743332028389,
        -0.9038799677491188,
        -0.9043500753879548,
        -0.24185433577299117,
        -0.23817590824365617,
        1.073267098069191,
        -0.9995983911395073,
        -0.999996542930603,
        -0.4230224078655243,
        -0.424659788608551,
        -0.9053465505838394,
        -0.9056586623191833
      ],
      "q99": [
        0.4144460682749749,
        -0.053830138970166475,
        1.5536288725852967,
        0.9987590766429901,
        0.9995994411230089,
        0.9059184965372087,
        0.42321863052845,
        0.9047634829759599,
        0.9053039927482605,
        0.3739941499590874,
        -0.03327550812363625,
        1.4980630868673326,
        0.9995992852091788,
        0.9986943104743959,
        0.4250610889434814,
        0.892056910073757,
        0.9810907026529312,
        0.9054666552662849
      ]
    }
  }
}